Rank,Term,ResultIndex,Title,URL,Timestamp
1,Veterans Day,1,Veterans Day - Wikipedia,https://en.wikipedia.org/wiki/Veterans_Day,2025-11-12T14:14:23Z
1,Veterans Day,2,History of Veterans Day - U.S. Department of Veterans Affairs,https://department.va.gov/veterans-day/history-of-veterans-day/,2025-11-12T14:14:23Z
1,Veterans Day,3,Veterans Day 2025 | Military.com,https://www.military.com/veterans-day,2025-11-12T14:14:23Z
1,Veterans Day,4,Veterans Day - U.S. Department of Veterans Affairs,https://department.va.gov/veterans-day/,2025-11-12T14:14:23Z
1,Veterans Day,5,"Veterans Day Facts - Data, Populations & Background",https://www.history.com/articles/veterans-day-facts,2025-11-12T14:14:23Z
1,Veterans Day,6,Federal Holidays,https://www.opm.gov/policy-data-oversight/pay-leave/federal-holidays/,2025-11-12T14:14:23Z
1,Veterans Day,7,Veterans Day - NPS Commemorations and Celebrations (U.S. ...,https://www.nps.gov/subjects/npscelebrates/veterans-day.htm,2025-11-12T14:14:23Z
1,Veterans Day,8,"Veterans Day 2025: Founding, Fact & Meaning | HISTORY",https://www.history.com/articles/history-of-veterans-day,2025-11-12T14:14:23Z
1,Veterans Day,9,What are Federal holidays? - OPM.gov,https://www.opm.gov/frequently-asked-questions/pay-and-leave-faq/pay-administration/what-are-federal-holidays/,2025-11-12T14:14:23Z
1,Veterans Day,10,The Origins of Veterans Day,https://www.va.gov/opa/publications/celebrate/vetday.pdf,2025-11-12T14:14:23Z
1,Veterans Day,11,National Veterans Day - Home,https://nationalveteransday.org/,2025-11-12T14:14:23Z
1,Veterans Day,12,Veterans Day Free Meals & Discounts for 2025,https://themilitarywallet.com/veterans-day-free-meals-and-discounts/,2025-11-12T14:14:23Z
1,Veterans Day,13,5 Facts to Know About Veterans Day > U.S. Department of War ...,https://www.war.gov/News/Feature-Stories/story/article/1675470/5-facts-to-know-about-veterans-day/,2025-11-12T14:14:23Z
1,Veterans Day,14,San Diego Veterans Day Parade 2025 | USS Midway Museum ...,https://www.midway.org/event/san-diego-veterans-day-parade,2025-11-12T14:14:23Z
1,Veterans Day,15,"Veterans Day Celebration | Surprise, AZ - Official Website",https://surpriseaz.gov/1435/Veterans-Day-Celebration,2025-11-12T14:14:23Z
1,Veterans Day,16,Veterans Day Parade - Special Events,https://events.jacksonville.gov/special-events/veterans-day-parade,2025-11-12T14:14:23Z
1,Veterans Day,17,VA.gov Home | Veterans Affairs,https://www.va.gov//,2025-11-12T14:14:23Z
1,Veterans Day,18,Veterans Day holiday closures and service impacts - King County ...,https://kingcounty.gov/en/shared-topics/about-king-county/holiday-closures-impacts/veterans-day,2025-11-12T14:14:23Z
1,Veterans Day,19,"Veterans Day | City of Lakeway, TX - Official Website",https://www.lakeway-tx.gov/2142/Veterans-Day,2025-11-12T14:14:23Z
1,Veterans Day,20,Veteran's Day 2025 | McCormick & Schmick's,https://www.mccormickandschmicks.com/event/veterans-day/,2025-11-12T14:14:23Z
2,Northern Lights,1,Aurora - Wikipedia,https://en.wikipedia.org/wiki/Aurora,2025-11-12T14:14:28Z
2,Northern Lights,2,Aurora Viewline for Tonight and Tomorrow Night (Experimental ...,https://www.swpc.noaa.gov/products/aurora-viewline-tonight-and-tomorrow-night-experimental,2025-11-12T14:14:28Z
2,Northern Lights,3,Aurora Forecast | Geophysical Institute,https://www.gi.alaska.edu/monitors/aurora-forecast,2025-11-12T14:14:28Z
2,Northern Lights,4,Northern Lights Marine Generators And Technicold Air Conditioning ...,https://www.northern-lights.com/,2025-11-12T14:14:28Z
2,Northern Lights,5,Northern lights (aurora borealis) — What they are and how to see ...,https://www.space.com/15139-northern-lights-auroras-earth-facts-sdcmp.html,2025-11-12T14:14:28Z
2,Northern Lights,6,What are the Northern Lights (Aurora Borealis)?,https://www.mtu.edu/tour/copper-country/northern-lights/,2025-11-12T14:14:28Z
2,Northern Lights,7,Northern lights in Norway | Best places to see the aurora borealis,https://www.visitnorway.com/things-to-do/nature-attractions/northern-lights/,2025-11-12T14:14:28Z
2,Northern Lights,8,Pizza Delivery Des Moines & KC - NorthernLights Pizza,https://www.northernlightspizza.com/,2025-11-12T14:14:28Z
2,Northern Lights,9,Northern Lights Theatre Pub: Home,https://northernlightstheatrepub.com/,2025-11-12T14:14:28Z
2,Northern Lights,10,"Northern Lights, Inc.: NLI",https://www.nli.coop/,2025-11-12T14:14:28Z
2,Northern Lights,11,Northern Lights | Buffalo AKG Art Museum,https://buffaloakg.org/art/exhibitions/northern-lights,2025-11-12T14:14:28Z
2,Northern Lights,12,Northern Lights Sky Ropes Course - Wilderness Resort Attractions,https://www.wildernessresort.com/attractions/northern-lights-sky-ropes-course/,2025-11-12T14:14:28Z
2,Northern Lights,13,Northern Lights Rivers Lakes & Oceans,https://northernlightstrading.com/,2025-11-12T14:14:28Z
2,Northern Lights,14,Saint Paul School of Northern Lights | Charter School Grades K-8,https://www.schoolofnorthernlights.org/,2025-11-12T14:14:28Z
2,Northern Lights,15,Northern Lights at CCV: Home,https://northernlightsccv.org/,2025-11-12T14:14:28Z
2,Northern Lights,16,Northern Lights: Market-Style Dining with a View at Banff Gondola,https://www.banffjaspercollection.com/attractions/banff-gondola/dining/northern-lights/,2025-11-12T14:14:28Z
2,Northern Lights,17,Northern Lights Candles,https://northernlightscandles.com/,2025-11-12T14:14:28Z
2,Northern Lights,18,The Northern lights in Iceland,https://www.visiticeland.com/article/northern-lights-in-iceland/,2025-11-12T14:14:28Z
2,Northern Lights,19,Northern Lights in Anchorage | Aurora Viewing in Alaska,https://www.anchorage.net/winter/things-to-do/northern-lights-viewing/,2025-11-12T14:14:28Z
2,Northern Lights,20,Northern Lights,https://northern.lights.mn/,2025-11-12T14:14:28Z
3,#DWTS,1,Dancing with the Stars Voting | ABC & Disney+,https://dwtsvote.abc.com/,2025-11-12T14:14:32Z
3,#DWTS,2,Dancing With The Stars #DWTS (@dancingwiththestars) • Instagram ...,https://www.instagram.com/dancingwiththestars/?hl=en,2025-11-12T14:14:32Z
3,#DWTS,3,Dancing with the Stars #DWTS (@officialdwts) / Posts / X,https://x.com/officialdwts?lang=en,2025-11-12T14:14:32Z
3,#DWTS,4,"ELAINE HENDRIX V | Halloween is my favorite, and I'm devastated. I ...",https://www.instagram.com/reel/DQX2XYagaFT/?hl=en,2025-11-12T14:14:32Z
3,#DWTS,5,Watch Dancing with the Stars Streaming on ABC platforms and ...,https://abc.com/show/f66d60e7-29f2-49cf-85dd-44a11bce42e4,2025-11-12T14:14:32Z
3,#DWTS,6,Tuesday's next DWTS live? BRING IT! #DWTS #TeamPartnerTrap ...,https://www.facebook.com/elaine4animals/posts/tuesdays-next-dwts-live-bring-it-dwts-teampartnertrap-elainehendrix/1358054785682581/,2025-11-12T14:14:32Z
3,#DWTS,7,Dancing With The Stars - YouTube,https://www.youtube.com/dancingwiththestars,2025-11-12T14:14:32Z
3,#DWTS,8,Dancing with the Stars,https://www.reddit.com/r/dancingwiththestars/,2025-11-12T14:14:32Z
3,#DWTS,9,she's pissed. we're shocked. #DWTS,https://www.facebook.com/JulianneHough/posts/shes-pissed-were-shocked-dwts/1341159020709218/,2025-11-12T14:14:32Z
3,#DWTS,10,Dancing With The Stars Tour,https://dwtstour.com/,2025-11-12T14:14:32Z
3,#DWTS,11,Dancing with the Stars (American TV series) - Wikipedia,https://en.wikipedia.org/wiki/Dancing_with_the_Stars_(American_TV_series),2025-11-12T14:14:32Z
3,#DWTS,12,'Dancing with the Stars' is tough –Training with a 'DWTS' pro,https://www.usatoday.com/story/entertainment/tv/2025/11/09/joining-dancing-with-the-stars-dwts-2025-cast/86949021007/,2025-11-12T14:14:32Z
3,#DWTS,13,Dancing with the Stars | New Episode Live Every Tuesday | Disney+,https://www.disneyplus.com/browse/entity-7d918be0-4130-4551-aab8-c7dcae85d35f,2025-11-12T14:14:32Z
3,#DWTS,14,Dancing with the Stars: Live!2026 Tour | Segerstrom Center for the Arts,https://scfta.org/events/2026/dancing-with-the-stars-2026,2025-11-12T14:14:32Z
3,#DWTS,15,Tour Dates – Dancing With The Stars Tour,https://dwtstour.com/dates/,2025-11-12T14:14:32Z
3,#DWTS,16,Dancing with the Stars (American TV series) season 34 - Wikipedia,https://en.wikipedia.org/wiki/Dancing_with_the_Stars_(American_TV_series)_season_34,2025-11-12T14:14:32Z
3,#DWTS,17,Earle Sisters Takeover on DWTS - Hot Mess with Alix Earle ...,https://open.spotify.com/episode/4793aSIyBaorv1FhTisRkq,2025-11-12T14:14:32Z
3,#DWTS,18,Dancing With The Stars: LIVE! | DPAC Official Site,https://www.dpacnc.com/events/detail/dancingwiththestars_2026,2025-11-12T14:14:32Z
3,#DWTS,19,Dancing with the Stars - ArtTix Official Ticket Seller | Salt Lake ...,https://www.saltlakecountyarts.org/events/dancing-with-the-stars/,2025-11-12T14:14:32Z
3,#DWTS,20,"Based on Math Alone, Where Does Andy Richter's 'DWTS' Run End?",https://www.pajiba.com/tv_reviews/based-on-math-alone-where-does-andy-richters-dwts-run-end.php,2025-11-12T14:14:32Z
4,Nico,1,Nico - Wikipedia,https://en.wikipedia.org/wiki/Nico,2025-11-12T14:14:37Z
4,Nico,2,NICO | Oysters + Seafood,https://www.nicoshemcreek.com/,2025-11-12T14:14:37Z
4,Nico,3,NICO Corporation: Home,https://niconeuro.com/,2025-11-12T14:14:37Z
4,Nico,4,Nico Muhly,https://nicomuhly.com/,2025-11-12T14:14:37Z
4,Nico,5,Nico (@nico_jeannen) / Posts / X,https://x.com/nico_jeannen?lang=en,2025-11-12T14:14:37Z
4,Nico,6,Nico - YouTube,https://www.youtube.com/channel/UCTn7pr9tqS0ySAB2UyXse6w,2025-11-12T14:14:37Z
4,Nico,7,Nico Bolzico (@nicobolzico) • Instagram photos and videos,https://www.instagram.com/nicobolzico/?hl=en,2025-11-12T14:14:37Z
4,Nico,8,Nico | Spotify,https://open.spotify.com/artist/0IwlY33zbBXN7zlS9DP2Cj,2025-11-12T14:14:37Z
4,Nico,9,Nico Cathcart (@nicocathcart) • Instagram photos and videos,https://www.instagram.com/nicocathcart/?hl=en,2025-11-12T14:14:37Z
4,Nico,10,What's so special about Nico ? : r/VelvetUnderground,https://www.reddit.com/r/VelvetUnderground/comments/1hjdats/whats_so_special_about_nico/,2025-11-12T14:14:37Z
4,Nico,11,Nico Santos (@nicosantos) • Instagram photos and videos,https://www.instagram.com/nicosantos/?hl=en,2025-11-12T14:14:37Z
4,Nico,12,Nico Ruderman for State Senate,https://www.nicoruderman.com/,2025-11-12T14:14:37Z
4,Nico,13,Nico Amortegui (@nico_malo1) • Instagram photos and videos,https://www.instagram.com/nico_malo1/?hl=en,2025-11-12T14:14:37Z
4,Nico,14,Nico Larco | School of Architecture & Environment,https://archenvironment.uoregon.edu/directory/architecture-faculty/all/nlarco,2025-11-12T14:14:37Z
4,Nico,15,Nico (@_nicogeyer) • Instagram photos and videos,https://www.instagram.com/_nicogeyer/?hl=en,2025-11-12T14:14:37Z
4,Nico,16,Northwestern Institute on Complex Systems - Northwestern University,https://www.nico.northwestern.edu/,2025-11-12T14:14:37Z
4,Nico,17,Nicolas Vuignier (@nicovuignier) • Instagram photos and videos,https://www.instagram.com/nicovuignier/?hl=en,2025-11-12T14:14:37Z
4,Nico,18,Nico's Pier 38 | Auction-Fresh Seafood & Local Favorites,https://nicospier38.com/,2025-11-12T14:14:37Z
4,Nico,19,Nico Lazaro (@nickelcobalt) • Instagram photos and videos,https://www.instagram.com/nickelcobalt/,2025-11-12T14:14:37Z
4,Nico,20,Nico Rosberg,https://www.facebook.com/nicorosberg/,2025-11-12T14:14:37Z
5,Good Wednesday,1,Holy Wednesday - Wikipedia,https://en.wikipedia.org/wiki/Holy_Wednesday,2025-11-12T14:14:41Z
5,Good Wednesday,2,Crucifixion: Good Friday or Good Wednesday? – Authentic Magazine,https://authenticmagazine.co.nz/crucifixion-good-friday-or-good-wednesday/,2025-11-12T14:14:41Z
5,Good Wednesday,3,Good Wednesday (not Friday) is coming up. : r/Christianity,https://www.reddit.com/r/Christianity/comments/1bnmmv0/good_wednesday_not_friday_is_coming_up/,2025-11-12T14:14:41Z
5,Good Wednesday,4,"570 Best Good wednesday ideas | good wednesday, happy ...",https://www.pinterest.com/msbigmontana54/good-wednesday/,2025-11-12T14:14:41Z
5,Good Wednesday,5,Cooked chicken sunday evening - still good wednesday? : r ...,https://www.reddit.com/r/MealPrepSunday/comments/ec4dpx/cooked_chicken_sunday_evening_still_good_wednesday/,2025-11-12T14:14:41Z
5,Good Wednesday,6,What restaurants in Macomb County has good Wednesday specials ...,https://www.facebook.com/groups/thefoodiemo/posts/1717856692386909/,2025-11-12T14:14:41Z
5,Good Wednesday,7,Happy Thursday everybody. Did y'all have a good Wednesday? I ...,https://www.instagram.com/p/DOLdMA1DYDz/?hl=en,2025-11-12T14:14:41Z
5,Good Wednesday,8,Any good Wednesday night dinner deals around town?,https://www.facebook.com/groups/544431642871965/posts/1270835150231607/,2025-11-12T14:14:41Z
5,Good Wednesday,9,Good Wednesday - Catholic Bishops' Conference,https://www.cbcew.org.uk/good-wednesday/,2025-11-12T14:14:41Z
5,Good Wednesday,10,What are the best Wednesday night specials in Jax?,https://www.facebook.com/groups/1089529971213670/posts/2791004194399564/,2025-11-12T14:14:41Z
5,Good Wednesday,11,Daryl Braithwaite - Good Wednesday afternoon. Oscar sent me this ...,https://m.facebook.com/DarylBraithwaite/photos/good-wednesday-afternoon-oscar-sent/1622178004479277/?locale=es_LA,2025-11-12T14:14:41Z
5,Good Wednesday,12,What are good Wednesday dinner specials in Tulsa?,https://www.facebook.com/groups/pisonerosfoodreview/posts/8237050766350673/,2025-11-12T14:14:41Z
5,Good Wednesday,13,Discover 170 Wednesday and Wacky Wednesday Ideas ...,https://za.pinterest.com/beautyforashessa/wednesday/,2025-11-12T14:14:41Z
5,Good Wednesday,14,Good Wednesday morning coffee friends hope you all have a good ...,https://www.facebook.com/groups/CoffeeMemes4Life/posts/2175408969563866/,2025-11-12T14:14:41Z
5,Good Wednesday,15,"A farewell to Bill Spoon's Barbecue, which closes for good ...",https://www.axios.com/local/charlotte/2020/09/15/a-farewell-to-bill-spoons-barbecue-which-closes-for-good-wednesday-after-57-years-231917,2025-11-12T14:14:41Z
5,Good Wednesday,16,"Studium Generale presents My Heart is Good, Wednesday ...",https://pencol.edu/events?trumbaEmbed=view%3Devent%26eventid%3D1328307628,2025-11-12T14:14:41Z
5,Good Wednesday,17,"Great Monday, Tuesday and Wednesday - Greek Orthodox ...",https://www.goarch.org/-/great-monday-tuesday-and-wednesday,2025-11-12T14:14:41Z
5,Good Wednesday,18,52+ Easy Wednesday Night Dinner Ideas · Easy Family Recipes,https://easyfamilyrecipes.com/easy-wednesday-night-dinner-ideas/,2025-11-12T14:14:41Z
5,Good Wednesday,19,"Sardines, Hairless or Hairy, Are Pretty Good - Wednesday Journal",https://www.oakpark.com/2019/11/18/sardines-hairless-or-hairy-are-pretty-good/,2025-11-12T14:14:41Z
5,Good Wednesday,20,Good Wednesday Morning Positive Vibes,https://uk.pinterest.com/pin/good-wednesday-morning-positive-vibes--8725793021044211/,2025-11-12T14:14:41Z
6,Packers,1,Packers Home | Green Bay Packers – packers.com,https://www.packers.com/,2025-11-12T14:14:46Z
6,Packers,2,"Green Bay Packers Scores, Stats and Highlights - ESPN",https://www.espn.com/nfl/team/_/name/gb/green-bay-packers,2025-11-12T14:14:46Z
6,Packers,3,Green Bay Packers (@packers) / Posts / X,https://x.com/packers,2025-11-12T14:14:46Z
6,Packers,4,Green Bay Packers - Wikipedia,https://en.wikipedia.org/wiki/Green_Bay_Packers,2025-11-12T14:14:46Z
6,Packers,5,Green Bay Packers (@packers) • Instagram photos and videos,https://www.instagram.com/packers/?hl=en,2025-11-12T14:14:46Z
6,Packers,6,Packers Heritage Trail | Green Bay Packers Hall of Fame & Stadium ...,https://www.packershofandtours.com/explore/heritage-trail,2025-11-12T14:14:46Z
6,Packers,7,Green Bay Packers,https://www.facebook.com/Packers/,2025-11-12T14:14:46Z
6,Packers,8,Green Bay Packers,https://www.reddit.com/r/GreenBayPackers/,2025-11-12T14:14:46Z
6,Packers,9,Packers and Stockyards Act | Agricultural Marketing Service,https://www.ams.usda.gov/rules-regulations/packers-and-stockyards-act,2025-11-12T14:14:46Z
6,Packers,10,"Green Bay Packers News, Scores, Stats, Schedule | NFL.com",https://www.nfl.com/teams/green-bay-packers/,2025-11-12T14:14:46Z
6,Packers,11,Island Packers Cruises | Channel Islands National Park,https://islandpackers.com/,2025-11-12T14:14:46Z
6,Packers,12,Brooklyn Supported Agriculture,https://brooklynsupportedagriculture.com/,2025-11-12T14:14:46Z
6,Packers,13,Wisconsin DMV Official Government Site - Green Bay Packers ...,https://wisconsindot.gov/Pages/dmv/vehicles/title-plates/greenbay.aspx,2025-11-12T14:14:46Z
6,Packers,14,"Green Bay Packers - News, Schedule, Scores, Roster, and Stats ...",https://www.nytimes.com/athletic/nfl/team/packers/,2025-11-12T14:14:46Z
6,Packers,15,Eagles at Packers Daily Updates: Eagles rule out Jaire Alexander ...,https://www.philadelphiaeagles.com/news/eagles-packers-daily-updates-jaelan-phillips,2025-11-12T14:14:46Z
6,Packers,16,Eagles-Packers on 'Monday Night Football': What We Learned from ...,https://www.nfl.com/news/eagles-packers-on-monday-night-football-what-we-learned-from-philadelphia-s-10-7-win,2025-11-12T14:14:46Z
6,Packers,17,PackersNews.com -- Green Bay Packers news from on and off the ...,https://www.packersnews.com/,2025-11-12T14:14:46Z
6,Packers,18,Green Bay Packers Sports News & Analysis – USA TODAY,https://www.usatoday.com/sports/nfl/green-bay-packers,2025-11-12T14:14:46Z
6,Packers,19,Green Bay Packers Clearance|Official Packers Pro Shop,https://www.packersproshop.com/green-bay-packers-sale,2025-11-12T14:14:46Z
6,Packers,20,Acme Packing Company,https://www.acmepackingcompany.com/,2025-11-12T14:14:46Z
